"campaign_id","name","channel","objective","spend","impressions","clicks","sessions","product_views","leads","start_date","end_date","is_demo"
"GADS-202501","Google Ads | Demo 2025-01","Google Ads","Acquisition","62400","312000","14040","12355","9143","1463","2025-01-01","2025-01-31","true"
"META-202501","Meta Ads | Demo 2025-01","Meta Ads","Acquisition","43680","305760","5504","4844","3585","574","2025-01-01","2025-01-31","true"
"YT-202501","YouTube Ads | Demo 2025-01","YouTube Ads","Awareness","31200","499200","5990","5271","3901","624","2025-01-01","2025-01-31","true"
"EMAIL-202501","Email Marketing | Demo 2025-01","Email Marketing","Acquisition","10400","31200","2496","2196","1625","390","2025-01-01","2025-01-31","true"
"SEO-202501","Organic Search | Demo 2025-01","Organic Search","Acquisition","18720","74880","4118","3624","2682","429","2025-01-01","2025-01-31","true"
"DIRECT-202501","Direct | Demo 2025-01","Direct","Acquisition","4160","8320","998","878","650","104","2025-01-01","2025-01-31","true"
"REF-202501","Referral | Demo 2025-01","Referral","Acquisition","7280","21840","764","672","497","80","2025-01-01","2025-01-31","true"
"GADS-202502","Google Ads | Demo 2025-02","Google Ads","Acquisition","64800","324000","14580","12830","9494","1519","2025-02-01","2025-02-28","true"
"META-202502","Meta Ads | Demo 2025-02","Meta Ads","Acquisition","45360","317520","5715","5029","3721","595","2025-02-01","2025-02-28","true"
"YT-202502","YouTube Ads | Demo 2025-02","YouTube Ads","Awareness","32400","518400","6221","5474","4051","648","2025-02-01","2025-02-28","true"
"EMAIL-202502","Email Marketing | Demo 2025-02","Email Marketing","Acquisition","10800","32400","2592","2281","1688","405","2025-02-01","2025-02-28","true"
"SEO-202502","Organic Search | Demo 2025-02","Organic Search","Acquisition","19440","77760","4277","3764","2785","446","2025-02-01","2025-02-28","true"
"DIRECT-202502","Direct | Demo 2025-02","Direct","Acquisition","4320","8640","1037","913","676","108","2025-02-01","2025-02-28","true"
"REF-202502","Referral | Demo 2025-02","Referral","Acquisition","7560","22680","794","699","517","83","2025-02-01","2025-02-28","true"
"GADS-202503","Google Ads | Demo 2025-03","Google Ads","Acquisition","60000","300000","13500","11880","8791","1407","2025-03-01","2025-03-31","true"
"META-202503","Meta Ads | Demo 2025-03","Meta Ads","Acquisition","42000","294000","5292","4657","3446","551","2025-03-01","2025-03-31","true"
"YT-202503","YouTube Ads | Demo 2025-03","YouTube Ads","Awareness","30000","480000","5760","5069","3751","600","2025-03-01","2025-03-31","true"
"EMAIL-202503","Email Marketing | Demo 2025-03","Email Marketing","Acquisition","10000","30000","2400","2112","1563","375","2025-03-01","2025-03-31","true"
"SEO-202503","Organic Search | Demo 2025-03","Organic Search","Acquisition","18000","72000","3960","3485","2579","413","2025-03-01","2025-03-31","true"
"DIRECT-202503","Direct | Demo 2025-03","Direct","Acquisition","4000","8000","960","845","625","100","2025-03-01","2025-03-31","true"
"REF-202503","Referral | Demo 2025-03","Referral","Acquisition","7000","21000","735","647","479","77","2025-03-01","2025-03-31","true"
"GADS-202504","Google Ads | Demo 2025-04","Google Ads","Acquisition","62400","312000","14040","12355","9143","1463","2025-04-01","2025-04-30","true"
"META-202504","Meta Ads | Demo 2025-04","Meta Ads","Acquisition","43680","305760","5504","4844","3585","574","2025-04-01","2025-04-30","true"
"YT-202504","YouTube Ads | Demo 2025-04","YouTube Ads","Awareness","31200","499200","5990","5271","3901","624","2025-04-01","2025-04-30","true"
"EMAIL-202504","Email Marketing | Demo 2025-04","Email Marketing","Acquisition","10400","31200","2496","2196","1625","390","2025-04-01","2025-04-30","true"
"SEO-202504","Organic Search | Demo 2025-04","Organic Search","Acquisition","18720","74880","4118","3624","2682","429","2025-04-01","2025-04-30","true"
"DIRECT-202504","Direct | Demo 2025-04","Direct","Acquisition","4160","8320","998","878","650","104","2025-04-01","2025-04-30","true"
"REF-202504","Referral | Demo 2025-04","Referral","Acquisition","7280","21840","764","672","497","80","2025-04-01","2025-04-30","true"
"GADS-202505","Google Ads | Demo 2025-05","Google Ads","Acquisition","64800","324000","14580","12830","9494","1519","2025-05-01","2025-05-31","true"
"META-202505","Meta Ads | Demo 2025-05","Meta Ads","Acquisition","45360","317520","5715","5029","3721","595","2025-05-01","2025-05-31","true"
"YT-202505","YouTube Ads | Demo 2025-05","YouTube Ads","Awareness","32400","518400","6221","5474","4051","648","2025-05-01","2025-05-31","true"
"EMAIL-202505","Email Marketing | Demo 2025-05","Email Marketing","Acquisition","10800","32400","2592","2281","1688","405","2025-05-01","2025-05-31","true"
"SEO-202505","Organic Search | Demo 2025-05","Organic Search","Acquisition","19440","77760","4277","3764","2785","446","2025-05-01","2025-05-31","true"
"DIRECT-202505","Direct | Demo 2025-05","Direct","Acquisition","4320","8640","1037","913","676","108","2025-05-01","2025-05-31","true"
"REF-202505","Referral | Demo 2025-05","Referral","Acquisition","7560","22680","794","699","517","83","2025-05-01","2025-05-31","true"
"GADS-202506","Google Ads | Demo 2025-06","Google Ads","Acquisition","60000","300000","13500","11880","8791","1407","2025-06-01","2025-06-30","true"
"META-202506","Meta Ads | Demo 2025-06","Meta Ads","Acquisition","42000","294000","5292","4657","3446","551","2025-06-01","2025-06-30","true"
"YT-202506","YouTube Ads | Demo 2025-06","YouTube Ads","Awareness","30000","480000","5760","5069","3751","600","2025-06-01","2025-06-30","true"
"EMAIL-202506","Email Marketing | Demo 2025-06","Email Marketing","Acquisition","10000","30000","2400","2112","1563","375","2025-06-01","2025-06-30","true"
"SEO-202506","Organic Search | Demo 2025-06","Organic Search","Acquisition","18000","72000","3960","3485","2579","413","2025-06-01","2025-06-30","true"
"DIRECT-202506","Direct | Demo 2025-06","Direct","Acquisition","4000","8000","960","845","625","100","2025-06-01","2025-06-30","true"
"REF-202506","Referral | Demo 2025-06","Referral","Acquisition","7000","21000","735","647","479","77","2025-06-01","2025-06-30","true"
