"customer_id","segment","is_demo"
"C001","Mid-Market","true"
"C002","Enterprise","true"
"C003","SMB","true"
"C004","Mid-Market","true"
"C005","Enterprise","true"
"C006","SMB","true"
"C007","Mid-Market","true"
"C008","Enterprise","true"
"C009","SMB","true"
"C010","Mid-Market","true"
"C011","Enterprise","true"
"C012","SMB","true"
"C013","Mid-Market","true"
"C014","Enterprise","true"
"C015","SMB","true"
"C016","Mid-Market","true"
"C017","Enterprise","true"
"C018","SMB","true"
"C019","Mid-Market","true"
"C020","Enterprise","true"
"C021","SMB","true"
"C022","Mid-Market","true"
"C023","Enterprise","true"
"C024","SMB","true"
"C025","Mid-Market","true"
"C026","Enterprise","true"
"C027","SMB","true"
"C028","Mid-Market","true"
"C029","Enterprise","true"
"C030","SMB","true"
"C031","Mid-Market","true"
"C032","Enterprise","true"
"C033","SMB","true"
"C034","Mid-Market","true"
"C035","Enterprise","true"
"C036","SMB","true"
"C037","Mid-Market","true"
"C038","Enterprise","true"
"C039","SMB","true"
"C040","Mid-Market","true"
"C041","Enterprise","true"
"C042","SMB","true"
"C043","Mid-Market","true"
"C044","Enterprise","true"
"C045","SMB","true"
"C046","Mid-Market","true"
"C047","Enterprise","true"
"C048","SMB","true"
"C049","Mid-Market","true"
"C050","Enterprise","true"
"C051","SMB","true"
"C052","Mid-Market","true"
"C053","Enterprise","true"
"C054","SMB","true"
"C055","Mid-Market","true"
"C056","Enterprise","true"
"C057","SMB","true"
"C058","Mid-Market","true"
"C059","Enterprise","true"
"C060","SMB","true"
"C061","Mid-Market","true"
"C062","Enterprise","true"
"C063","SMB","true"
"C064","Mid-Market","true"
"C065","Enterprise","true"
"C066","SMB","true"
"C067","Mid-Market","true"
"C068","Enterprise","true"
"C069","SMB","true"
"C070","Mid-Market","true"
"C071","Enterprise","true"
"C072","SMB","true"
"C073","Mid-Market","true"
"C074","Enterprise","true"
"C075","SMB","true"
"C076","Mid-Market","true"
"C077","Enterprise","true"
"C078","SMB","true"
"C079","Mid-Market","true"
"C080","Enterprise","true"
"C081","SMB","true"
"C082","Mid-Market","true"
"C083","Enterprise","true"
"C084","SMB","true"
"C085","Mid-Market","true"
"C086","Enterprise","true"
"C087","SMB","true"
"C088","Mid-Market","true"
"C089","Enterprise","true"
"C090","SMB","true"
"C091","Mid-Market","true"
"C092","Enterprise","true"
"C093","SMB","true"
"C094","Mid-Market","true"
"C095","Enterprise","true"
"C096","SMB","true"
"C097","Mid-Market","true"
"C098","Enterprise","true"
"C099","SMB","true"
"C100","Mid-Market","true"
"C101","Enterprise","true"
"C102","SMB","true"
"C103","Mid-Market","true"
"C104","Enterprise","true"
"C105","SMB","true"
"C106","Mid-Market","true"
"C107","Enterprise","true"
"C108","SMB","true"
"C109","Mid-Market","true"
"C110","Enterprise","true"
"C111","SMB","true"
"C112","Mid-Market","true"
"C113","Enterprise","true"
"C114","SMB","true"
"C115","Mid-Market","true"
"C116","Enterprise","true"
"C117","SMB","true"
"C118","Mid-Market","true"
"C119","Enterprise","true"
"C120","SMB","true"
