"external_id","customer_id","channel","campaign_id","session_id","timestamp","touchpoint_type","conversion","revenue","order_id","is_demo"
"TP-0001-1","C001","Meta Ads","META-202501","S-001-01","2025-01-08T08:00:00","click","false","0","","true"
"TP-0001-2","C001","Email Marketing","EMAIL-202501","S-001-01","2025-01-08T09:11:00","visit","false","0","","true"
"TP-0001-3","C001","Direct","DIRECT-202501","S-001-01","2025-01-08T10:22:00","conversion","true","1579","O-0001","true"
"TP-0002-1","C002","YouTube Ads","YT-202502","S-002-01","2025-02-15T08:00:00","click","false","0","","true"
"TP-0002-2","C002","Organic Search","SEO-202502","S-002-01","2025-02-15T09:11:00","visit","false","0","","true"
"TP-0002-3","C002","Referral","REF-202502","S-002-01","2025-02-15T10:22:00","conversion","true","1958","O-0002","true"
"TP-0003-1","C003","Email Marketing","EMAIL-202503","S-003-01","2025-03-22T08:00:00","click","false","0","","true"
"TP-0003-2","C003","Direct","DIRECT-202503","S-003-01","2025-03-22T09:11:00","visit","false","0","","true"
"TP-0003-3","C003","Google Ads","GADS-202503","S-003-01","2025-03-22T10:22:00","visit","false","0","","true"
"TP-0003-4","C003","YouTube Ads","YT-202503","S-003-01","2025-03-22T11:33:00","conversion","true","2337","O-0003","true"
"TP-0004-1","C004","Organic Search","SEO-202504","S-004-01","2025-04-03T08:00:00","conversion","true","2716","O-0004","true"
"TP-0005-1","C005","Direct","DIRECT-202505","S-005-01","2025-05-10T08:00:00","click","false","0","","true"
"TP-0005-2","C005","Google Ads","GADS-202505","S-005-01","2025-05-10T09:11:00","visit","false","0","","true"
"TP-0005-3","C005","YouTube Ads","YT-202505","S-005-01","2025-05-10T10:22:00","visit","false","0","","true"
"TP-0006-1","C006","Referral","REF-202506","S-006-01","2025-06-17T08:00:00","click","false","0","","true"
"TP-0006-2","C006","Meta Ads","META-202506","S-006-01","2025-06-17T09:11:00","visit","false","0","","true"
"TP-0006-3","C006","Email Marketing","EMAIL-202506","S-006-01","2025-06-17T10:22:00","visit","false","0","","true"
"TP-0006-4","C006","Direct","DIRECT-202506","S-006-01","2025-06-17T11:33:00","conversion","true","3474","O-0006","true"
"TP-0007-1","C007","Google Ads","GADS-202501","S-007-01","2025-01-24T08:00:00","click","false","0","","true"
"TP-0007-2","C007","YouTube Ads","YT-202501","S-007-01","2025-01-24T09:11:00","visit","false","0","","true"
"TP-0007-3","C007","Organic Search","SEO-202501","S-007-01","2025-01-24T10:22:00","conversion","true","3853","O-0007","true"
"TP-0008-1","C008","Meta Ads","META-202502","S-008-01","2025-02-05T08:00:00","conversion","true","4232","O-0008","true"
"TP-0009-1","C009","YouTube Ads","YT-202503","S-009-01","2025-03-12T08:00:00","click","false","0","","true"
"TP-0009-2","C009","Organic Search","SEO-202503","S-009-01","2025-03-12T09:11:00","visit","false","0","","true"
"TP-0009-3","C009","Referral","REF-202503","S-009-01","2025-03-12T10:22:00","visit","false","0","","true"
"TP-0009-4","C009","Meta Ads","META-202503","S-009-01","2025-03-12T11:33:00","conversion","true","4611","O-0009","true"
"TP-0010-1","C010","Email Marketing","EMAIL-202504","S-010-01","2025-04-19T08:00:00","click","false","0","","true"
"TP-0010-2","C010","Direct","DIRECT-202504","S-010-01","2025-04-19T09:11:00","visit","false","0","","true"
"TP-0010-3","C010","Google Ads","GADS-202504","S-010-01","2025-04-19T10:22:00","visit","false","0","","true"
"TP-0011-1","C011","Organic Search","SEO-202505","S-011-01","2025-05-26T08:00:00","click","false","0","","true"
"TP-0011-2","C011","Referral","REF-202505","S-011-01","2025-05-26T09:11:00","visit","false","0","","true"
"TP-0011-3","C011","Meta Ads","META-202505","S-011-01","2025-05-26T10:22:00","conversion","true","5369","O-0011","true"
"TP-0012-1","C012","Direct","DIRECT-202506","S-012-01","2025-06-07T08:00:00","conversion","true","5748","O-0012","true"
"TP-0013-1","C013","Referral","REF-202501","S-013-01","2025-01-14T08:00:00","click","false","0","","true"
"TP-0013-2","C013","Meta Ads","META-202501","S-013-01","2025-01-14T09:11:00","visit","false","0","","true"
"TP-0013-3","C013","Email Marketing","EMAIL-202501","S-013-01","2025-01-14T10:22:00","conversion","true","6127","O-0013","true"
"TP-0014-1","C014","Google Ads","GADS-202502","S-014-01","2025-02-21T08:00:00","click","false","0","","true"
"TP-0014-2","C014","YouTube Ads","YT-202502","S-014-01","2025-02-21T09:11:00","visit","false","0","","true"
"TP-0014-3","C014","Organic Search","SEO-202502","S-014-01","2025-02-21T10:22:00","conversion","true","6506","O-0014","true"
"TP-0015-1","C015","Meta Ads","META-202503","S-015-01","2025-03-02T08:00:00","click","false","0","","true"
"TP-0015-2","C015","Email Marketing","EMAIL-202503","S-015-01","2025-03-02T09:11:00","visit","false","0","","true"
"TP-0015-3","C015","Direct","DIRECT-202503","S-015-01","2025-03-02T10:22:00","visit","false","0","","true"
"TP-0015-4","C015","Google Ads","GADS-202503","S-015-01","2025-03-02T11:33:00","visit","false","0","","true"
"TP-0016-1","C016","YouTube Ads","YT-202504","S-016-01","2025-04-09T08:00:00","conversion","true","7264","O-0016","true"
"TP-0017-1","C017","Email Marketing","EMAIL-202505","S-017-01","2025-05-16T08:00:00","click","false","0","","true"
"TP-0017-2","C017","Direct","DIRECT-202505","S-017-01","2025-05-16T09:11:00","visit","false","0","","true"
"TP-0017-3","C017","Google Ads","GADS-202505","S-017-01","2025-05-16T10:22:00","conversion","true","7643","O-0017","true"
"TP-0018-1","C018","Organic Search","SEO-202506","S-018-01","2025-06-23T08:00:00","click","false","0","","true"
"TP-0018-2","C018","Referral","REF-202506","S-018-01","2025-06-23T09:11:00","visit","false","0","","true"
"TP-0018-3","C018","Meta Ads","META-202506","S-018-01","2025-06-23T10:22:00","visit","false","0","","true"
"TP-0018-4","C018","Email Marketing","EMAIL-202506","S-018-01","2025-06-23T11:33:00","conversion","true","8022","O-0018","true"
"TP-0019-1","C019","Direct","DIRECT-202501","S-019-01","2025-01-04T08:00:00","click","false","0","","true"
"TP-0019-2","C019","Google Ads","GADS-202501","S-019-01","2025-01-04T09:11:00","visit","false","0","","true"
"TP-0019-3","C019","YouTube Ads","YT-202501","S-019-01","2025-01-04T10:22:00","conversion","true","8401","O-0019","true"
"TP-0020-1","C020","Referral","REF-202502","S-020-01","2025-02-11T08:00:00","click","false","0","","true"
"TP-0021-1","C021","Google Ads","GADS-202503","S-021-01","2025-03-18T08:00:00","click","false","0","","true"
"TP-0021-2","C021","YouTube Ads","YT-202503","S-021-01","2025-03-18T09:11:00","visit","false","0","","true"
"TP-0021-3","C021","Organic Search","SEO-202503","S-021-01","2025-03-18T10:22:00","visit","false","0","","true"
"TP-0021-4","C021","Referral","REF-202503","S-021-01","2025-03-18T11:33:00","conversion","true","9159","O-0021","true"
"TP-0022-1","C022","Meta Ads","META-202504","S-022-01","2025-04-25T08:00:00","click","false","0","","true"
"TP-0022-2","C022","Email Marketing","EMAIL-202504","S-022-01","2025-04-25T09:11:00","visit","false","0","","true"
"TP-0022-3","C022","Direct","DIRECT-202504","S-022-01","2025-04-25T10:22:00","conversion","true","9538","O-0022","true"
"TP-0023-1","C023","YouTube Ads","YT-202505","S-023-01","2025-05-06T08:00:00","click","false","0","","true"
"TP-0023-2","C023","Organic Search","SEO-202505","S-023-01","2025-05-06T09:11:00","visit","false","0","","true"
"TP-0023-3","C023","Referral","REF-202505","S-023-01","2025-05-06T10:22:00","conversion","true","9917","O-0023","true"
"TP-0024-1","C024","Email Marketing","EMAIL-202506","S-024-01","2025-06-13T08:00:00","conversion","true","10296","O-0024","true"
"TP-0025-1","C025","Organic Search","SEO-202501","S-025-01","2025-01-20T08:00:00","click","false","0","","true"
"TP-0025-2","C025","Referral","REF-202501","S-025-01","2025-01-20T09:11:00","visit","false","0","","true"
"TP-0025-3","C025","Meta Ads","META-202501","S-025-01","2025-01-20T10:22:00","visit","false","0","","true"
"TP-0026-1","C026","Direct","DIRECT-202502","S-026-01","2025-02-01T08:00:00","click","false","0","","true"
"TP-0026-2","C026","Google Ads","GADS-202502","S-026-01","2025-02-01T09:11:00","visit","false","0","","true"
"TP-0026-3","C026","YouTube Ads","YT-202502","S-026-01","2025-02-01T10:22:00","conversion","true","11054","O-0026","true"
"TP-0027-1","C027","Referral","REF-202503","S-027-01","2025-03-08T08:00:00","click","false","0","","true"
"TP-0027-2","C027","Meta Ads","META-202503","S-027-01","2025-03-08T09:11:00","visit","false","0","","true"
"TP-0027-3","C027","Email Marketing","EMAIL-202503","S-027-01","2025-03-08T10:22:00","visit","false","0","","true"
"TP-0027-4","C027","Direct","DIRECT-202503","S-027-01","2025-03-08T11:33:00","conversion","true","11433","O-0027","true"
"TP-0028-1","C028","Google Ads","GADS-202504","S-028-01","2025-04-15T08:00:00","conversion","true","11812","O-0028","true"
"TP-0029-1","C029","Meta Ads","META-202505","S-029-01","2025-05-22T08:00:00","click","false","0","","true"
"TP-0029-2","C029","Email Marketing","EMAIL-202505","S-029-01","2025-05-22T09:11:00","visit","false","0","","true"
"TP-0029-3","C029","Direct","DIRECT-202505","S-029-01","2025-05-22T10:22:00","conversion","true","12191","O-0029","true"
"TP-0030-1","C030","YouTube Ads","YT-202506","S-030-01","2025-06-03T08:00:00","click","false","0","","true"
"TP-0030-2","C030","Organic Search","SEO-202506","S-030-01","2025-06-03T09:11:00","visit","false","0","","true"
"TP-0030-3","C030","Referral","REF-202506","S-030-01","2025-06-03T10:22:00","visit","false","0","","true"
"TP-0030-4","C030","Meta Ads","META-202506","S-030-01","2025-06-03T11:33:00","visit","false","0","","true"
"TP-0031-1","C031","Email Marketing","EMAIL-202501","S-031-01","2025-01-10T08:00:00","click","false","0","","true"
"TP-0031-2","C031","Direct","DIRECT-202501","S-031-01","2025-01-10T09:11:00","visit","false","0","","true"
"TP-0031-3","C031","Google Ads","GADS-202501","S-031-01","2025-01-10T10:22:00","conversion","true","12949","O-0031","true"
"TP-0032-1","C032","Organic Search","SEO-202502","S-032-01","2025-02-17T08:00:00","conversion","true","13328","O-0032","true"
"TP-0033-1","C033","Direct","DIRECT-202503","S-033-01","2025-03-24T08:00:00","click","false","0","","true"
"TP-0033-2","C033","Google Ads","GADS-202503","S-033-01","2025-03-24T09:11:00","visit","false","0","","true"
"TP-0033-3","C033","YouTube Ads","YT-202503","S-033-01","2025-03-24T10:22:00","visit","false","0","","true"
"TP-0033-4","C033","Organic Search","SEO-202503","S-033-01","2025-03-24T11:33:00","conversion","true","13707","O-0033","true"
"TP-0034-1","C034","Referral","REF-202504","S-034-01","2025-04-05T08:00:00","click","false","0","","true"
"TP-0034-2","C034","Meta Ads","META-202504","S-034-01","2025-04-05T09:11:00","visit","false","0","","true"
"TP-0034-3","C034","Email Marketing","EMAIL-202504","S-034-01","2025-04-05T10:22:00","conversion","true","14086","O-0034","true"
"TP-0035-1","C035","Google Ads","GADS-202505","S-035-01","2025-05-12T08:00:00","click","false","0","","true"
"TP-0035-2","C035","YouTube Ads","YT-202505","S-035-01","2025-05-12T09:11:00","visit","false","0","","true"
"TP-0035-3","C035","Organic Search","SEO-202505","S-035-01","2025-05-12T10:22:00","visit","false","0","","true"
"TP-0036-1","C036","Meta Ads","META-202506","S-036-01","2025-06-19T08:00:00","conversion","true","14844","O-0036","true"
"TP-0037-1","C037","YouTube Ads","YT-202501","S-037-01","2025-01-26T08:00:00","click","false","0","","true"
"TP-0037-2","C037","Organic Search","SEO-202501","S-037-01","2025-01-26T09:11:00","visit","false","0","","true"
"TP-0037-3","C037","Referral","REF-202501","S-037-01","2025-01-26T10:22:00","conversion","true","15223","O-0037","true"
"TP-0038-1","C038","Email Marketing","EMAIL-202502","S-038-01","2025-02-07T08:00:00","click","false","0","","true"
"TP-0038-2","C038","Direct","DIRECT-202502","S-038-01","2025-02-07T09:11:00","visit","false","0","","true"
"TP-0038-3","C038","Google Ads","GADS-202502","S-038-01","2025-02-07T10:22:00","conversion","true","15602","O-0038","true"
"TP-0039-1","C039","Organic Search","SEO-202503","S-039-01","2025-03-14T08:00:00","click","false","0","","true"
"TP-0039-2","C039","Referral","REF-202503","S-039-01","2025-03-14T09:11:00","visit","false","0","","true"
"TP-0039-3","C039","Meta Ads","META-202503","S-039-01","2025-03-14T10:22:00","visit","false","0","","true"
"TP-0039-4","C039","Email Marketing","EMAIL-202503","S-039-01","2025-03-14T11:33:00","conversion","true","15981","O-0039","true"
"TP-0040-1","C040","Direct","DIRECT-202504","S-040-01","2025-04-21T08:00:00","click","false","0","","true"
"TP-0041-1","C041","Referral","REF-202505","S-041-01","2025-05-02T08:00:00","click","false","0","","true"
"TP-0041-2","C041","Meta Ads","META-202505","S-041-01","2025-05-02T09:11:00","visit","false","0","","true"
"TP-0041-3","C041","Email Marketing","EMAIL-202505","S-041-01","2025-05-02T10:22:00","conversion","true","16739","O-0041","true"
"TP-0042-1","C042","Google Ads","GADS-202506","S-042-01","2025-06-09T08:00:00","click","false","0","","true"
"TP-0042-2","C042","YouTube Ads","YT-202506","S-042-01","2025-06-09T09:11:00","visit","false","0","","true"
"TP-0042-3","C042","Organic Search","SEO-202506","S-042-01","2025-06-09T10:22:00","visit","false","0","","true"
"TP-0042-4","C042","Referral","REF-202506","S-042-01","2025-06-09T11:33:00","conversion","true","17118","O-0042","true"
"TP-0043-1","C043","Meta Ads","META-202501","S-043-01","2025-01-16T08:00:00","click","false","0","","true"
"TP-0043-2","C043","Email Marketing","EMAIL-202501","S-043-01","2025-01-16T09:11:00","visit","false","0","","true"
"TP-0043-3","C043","Direct","DIRECT-202501","S-043-01","2025-01-16T10:22:00","conversion","true","17497","O-0043","true"
"TP-0044-1","C044","YouTube Ads","YT-202502","S-044-01","2025-02-23T08:00:00","conversion","true","17876","O-0044","true"
"TP-0045-1","C045","Email Marketing","EMAIL-202503","S-045-01","2025-03-04T08:00:00","click","false","0","","true"
"TP-0045-2","C045","Direct","DIRECT-202503","S-045-01","2025-03-04T09:11:00","visit","false","0","","true"
"TP-0045-3","C045","Google Ads","GADS-202503","S-045-01","2025-03-04T10:22:00","visit","false","0","","true"
"TP-0045-4","C045","YouTube Ads","YT-202503","S-045-01","2025-03-04T11:33:00","visit","false","0","","true"
"TP-0046-1","C046","Organic Search","SEO-202504","S-046-01","2025-04-11T08:00:00","click","false","0","","true"
"TP-0046-2","C046","Referral","REF-202504","S-046-01","2025-04-11T09:11:00","visit","false","0","","true"
"TP-0046-3","C046","Meta Ads","META-202504","S-046-01","2025-04-11T10:22:00","conversion","true","1834","O-0046","true"
"TP-0047-1","C047","Direct","DIRECT-202505","S-047-01","2025-05-18T08:00:00","click","false","0","","true"
"TP-0047-2","C047","Google Ads","GADS-202505","S-047-01","2025-05-18T09:11:00","visit","false","0","","true"
"TP-0047-3","C047","YouTube Ads","YT-202505","S-047-01","2025-05-18T10:22:00","conversion","true","2213","O-0047","true"
"TP-0048-1","C048","Referral","REF-202506","S-048-01","2025-06-25T08:00:00","conversion","true","2592","O-0048","true"
"TP-0049-1","C049","Google Ads","GADS-202501","S-049-01","2025-01-06T08:00:00","click","false","0","","true"
"TP-0049-2","C049","YouTube Ads","YT-202501","S-049-01","2025-01-06T09:11:00","visit","false","0","","true"
"TP-0049-3","C049","Organic Search","SEO-202501","S-049-01","2025-01-06T10:22:00","conversion","true","2971","O-0049","true"
"TP-0050-1","C050","Meta Ads","META-202502","S-050-01","2025-02-13T08:00:00","click","false","0","","true"
"TP-0050-2","C050","Email Marketing","EMAIL-202502","S-050-01","2025-02-13T09:11:00","visit","false","0","","true"
"TP-0050-3","C050","Direct","DIRECT-202502","S-050-01","2025-02-13T10:22:00","visit","false","0","","true"
"TP-0051-1","C051","YouTube Ads","YT-202503","S-051-01","2025-03-20T08:00:00","click","false","0","","true"
"TP-0051-2","C051","Organic Search","SEO-202503","S-051-01","2025-03-20T09:11:00","visit","false","0","","true"
"TP-0051-3","C051","Referral","REF-202503","S-051-01","2025-03-20T10:22:00","visit","false","0","","true"
"TP-0051-4","C051","Meta Ads","META-202503","S-051-01","2025-03-20T11:33:00","conversion","true","3729","O-0051","true"
"TP-0052-1","C052","Email Marketing","EMAIL-202504","S-052-01","2025-04-01T08:00:00","conversion","true","4108","O-0052","true"
"TP-0053-1","C053","Organic Search","SEO-202505","S-053-01","2025-05-08T08:00:00","click","false","0","","true"
"TP-0053-2","C053","Referral","REF-202505","S-053-01","2025-05-08T09:11:00","visit","false","0","","true"
"TP-0053-3","C053","Meta Ads","META-202505","S-053-01","2025-05-08T10:22:00","conversion","true","4487","O-0053","true"
"TP-0054-1","C054","Direct","DIRECT-202506","S-054-01","2025-06-15T08:00:00","click","false","0","","true"
"TP-0054-2","C054","Google Ads","GADS-202506","S-054-01","2025-06-15T09:11:00","visit","false","0","","true"
"TP-0054-3","C054","YouTube Ads","YT-202506","S-054-01","2025-06-15T10:22:00","visit","false","0","","true"
"TP-0054-4","C054","Organic Search","SEO-202506","S-054-01","2025-06-15T11:33:00","conversion","true","4866","O-0054","true"
"TP-0055-1","C055","Referral","REF-202501","S-055-01","2025-01-22T08:00:00","click","false","0","","true"
"TP-0055-2","C055","Meta Ads","META-202501","S-055-01","2025-01-22T09:11:00","visit","false","0","","true"
"TP-0055-3","C055","Email Marketing","EMAIL-202501","S-055-01","2025-01-22T10:22:00","visit","false","0","","true"
"TP-0056-1","C056","Google Ads","GADS-202502","S-056-01","2025-02-03T08:00:00","conversion","true","5624","O-0056","true"
"TP-0057-1","C057","Meta Ads","META-202503","S-057-01","2025-03-10T08:00:00","click","false","0","","true"
"TP-0057-2","C057","Email Marketing","EMAIL-202503","S-057-01","2025-03-10T09:11:00","visit","false","0","","true"
"TP-0057-3","C057","Direct","DIRECT-202503","S-057-01","2025-03-10T10:22:00","visit","false","0","","true"
"TP-0057-4","C057","Google Ads","GADS-202503","S-057-01","2025-03-10T11:33:00","conversion","true","6003","O-0057","true"
"TP-0058-1","C058","YouTube Ads","YT-202504","S-058-01","2025-04-17T08:00:00","click","false","0","","true"
"TP-0058-2","C058","Organic Search","SEO-202504","S-058-01","2025-04-17T09:11:00","visit","false","0","","true"
"TP-0058-3","C058","Referral","REF-202504","S-058-01","2025-04-17T10:22:00","conversion","true","6382","O-0058","true"
"TP-0059-1","C059","Email Marketing","EMAIL-202505","S-059-01","2025-05-24T08:00:00","click","false","0","","true"
"TP-0059-2","C059","Direct","DIRECT-202505","S-059-01","2025-05-24T09:11:00","visit","false","0","","true"
"TP-0059-3","C059","Google Ads","GADS-202505","S-059-01","2025-05-24T10:22:00","conversion","true","6761","O-0059","true"
"TP-0060-1","C060","Organic Search","SEO-202506","S-060-01","2025-06-05T08:00:00","click","false","0","","true"
"TP-0061-1","C061","Direct","DIRECT-202501","S-061-01","2025-01-12T08:00:00","click","false","0","","true"
"TP-0061-2","C061","Google Ads","GADS-202501","S-061-01","2025-01-12T09:11:00","visit","false","0","","true"
"TP-0061-3","C061","YouTube Ads","YT-202501","S-061-01","2025-01-12T10:22:00","conversion","true","7519","O-0061","true"
"TP-0062-1","C062","Referral","REF-202502","S-062-01","2025-02-19T08:00:00","click","false","0","","true"
"TP-0062-2","C062","Meta Ads","META-202502","S-062-01","2025-02-19T09:11:00","visit","false","0","","true"
"TP-0062-3","C062","Email Marketing","EMAIL-202502","S-062-01","2025-02-19T10:22:00","conversion","true","7898","O-0062","true"
"TP-0063-1","C063","Google Ads","GADS-202503","S-063-01","2025-03-26T08:00:00","click","false","0","","true"
"TP-0063-2","C063","YouTube Ads","YT-202503","S-063-01","2025-03-26T09:11:00","visit","false","0","","true"
"TP-0063-3","C063","Organic Search","SEO-202503","S-063-01","2025-03-26T10:22:00","visit","false","0","","true"
"TP-0063-4","C063","Referral","REF-202503","S-063-01","2025-03-26T11:33:00","conversion","true","8277","O-0063","true"
"TP-0064-1","C064","Meta Ads","META-202504","S-064-01","2025-04-07T08:00:00","conversion","true","8656","O-0064","true"
"TP-0065-1","C065","YouTube Ads","YT-202505","S-065-01","2025-05-14T08:00:00","click","false","0","","true"
"TP-0065-2","C065","Organic Search","SEO-202505","S-065-01","2025-05-14T09:11:00","visit","false","0","","true"
"TP-0065-3","C065","Referral","REF-202505","S-065-01","2025-05-14T10:22:00","visit","false","0","","true"
"TP-0066-1","C066","Email Marketing","EMAIL-202506","S-066-01","2025-06-21T08:00:00","click","false","0","","true"
"TP-0066-2","C066","Direct","DIRECT-202506","S-066-01","2025-06-21T09:11:00","visit","false","0","","true"
"TP-0066-3","C066","Google Ads","GADS-202506","S-066-01","2025-06-21T10:22:00","visit","false","0","","true"
"TP-0066-4","C066","YouTube Ads","YT-202506","S-066-01","2025-06-21T11:33:00","conversion","true","9414","O-0066","true"
"TP-0067-1","C067","Organic Search","SEO-202501","S-067-01","2025-01-02T08:00:00","click","false","0","","true"
"TP-0067-2","C067","Referral","REF-202501","S-067-01","2025-01-02T09:11:00","visit","false","0","","true"
"TP-0067-3","C067","Meta Ads","META-202501","S-067-01","2025-01-02T10:22:00","conversion","true","9793","O-0067","true"
"TP-0068-1","C068","Direct","DIRECT-202502","S-068-01","2025-02-09T08:00:00","conversion","true","10172","O-0068","true"
"TP-0069-1","C069","Referral","REF-202503","S-069-01","2025-03-16T08:00:00","click","false","0","","true"
"TP-0069-2","C069","Meta Ads","META-202503","S-069-01","2025-03-16T09:11:00","visit","false","0","","true"
"TP-0069-3","C069","Email Marketing","EMAIL-202503","S-069-01","2025-03-16T10:22:00","visit","false","0","","true"
"TP-0069-4","C069","Direct","DIRECT-202503","S-069-01","2025-03-16T11:33:00","conversion","true","10551","O-0069","true"
"TP-0070-1","C070","Google Ads","GADS-202504","S-070-01","2025-04-23T08:00:00","click","false","0","","true"
"TP-0070-2","C070","YouTube Ads","YT-202504","S-070-01","2025-04-23T09:11:00","visit","false","0","","true"
"TP-0070-3","C070","Organic Search","SEO-202504","S-070-01","2025-04-23T10:22:00","visit","false","0","","true"
"TP-0071-1","C071","Meta Ads","META-202505","S-071-01","2025-05-04T08:00:00","click","false","0","","true"
"TP-0071-2","C071","Email Marketing","EMAIL-202505","S-071-01","2025-05-04T09:11:00","visit","false","0","","true"
"TP-0071-3","C071","Direct","DIRECT-202505","S-071-01","2025-05-04T10:22:00","conversion","true","11309","O-0071","true"
"TP-0072-1","C072","YouTube Ads","YT-202506","S-072-01","2025-06-11T08:00:00","conversion","true","11688","O-0072","true"
"TP-0073-1","C073","Email Marketing","EMAIL-202501","S-073-01","2025-01-18T08:00:00","click","false","0","","true"
"TP-0073-2","C073","Direct","DIRECT-202501","S-073-01","2025-01-18T09:11:00","visit","false","0","","true"
"TP-0073-3","C073","Google Ads","GADS-202501","S-073-01","2025-01-18T10:22:00","conversion","true","12067","O-0073","true"
"TP-0074-1","C074","Organic Search","SEO-202502","S-074-01","2025-02-25T08:00:00","click","false","0","","true"
"TP-0074-2","C074","Referral","REF-202502","S-074-01","2025-02-25T09:11:00","visit","false","0","","true"
"TP-0074-3","C074","Meta Ads","META-202502","S-074-01","2025-02-25T10:22:00","conversion","true","12446","O-0074","true"
"TP-0075-1","C075","Direct","DIRECT-202503","S-075-01","2025-03-06T08:00:00","click","false","0","","true"
"TP-0075-2","C075","Google Ads","GADS-202503","S-075-01","2025-03-06T09:11:00","visit","false","0","","true"
"TP-0075-3","C075","YouTube Ads","YT-202503","S-075-01","2025-03-06T10:22:00","visit","false","0","","true"
"TP-0075-4","C075","Organic Search","SEO-202503","S-075-01","2025-03-06T11:33:00","visit","false","0","","true"
"TP-0076-1","C076","Referral","REF-202504","S-076-01","2025-04-13T08:00:00","conversion","true","13204","O-0076","true"
"TP-0077-1","C077","Google Ads","GADS-202505","S-077-01","2025-05-20T08:00:00","click","false","0","","true"
"TP-0077-2","C077","YouTube Ads","YT-202505","S-077-01","2025-05-20T09:11:00","visit","false","0","","true"
"TP-0077-3","C077","Organic Search","SEO-202505","S-077-01","2025-05-20T10:22:00","conversion","true","13583","O-0077","true"
"TP-0078-1","C078","Meta Ads","META-202506","S-078-01","2025-06-01T08:00:00","click","false","0","","true"
"TP-0078-2","C078","Email Marketing","EMAIL-202506","S-078-01","2025-06-01T09:11:00","visit","false","0","","true"
"TP-0078-3","C078","Direct","DIRECT-202506","S-078-01","2025-06-01T10:22:00","visit","false","0","","true"
"TP-0078-4","C078","Google Ads","GADS-202506","S-078-01","2025-06-01T11:33:00","conversion","true","13962","O-0078","true"
"TP-0079-1","C079","YouTube Ads","YT-202501","S-079-01","2025-01-08T08:00:00","click","false","0","","true"
"TP-0079-2","C079","Organic Search","SEO-202501","S-079-01","2025-01-08T09:11:00","visit","false","0","","true"
"TP-0079-3","C079","Referral","REF-202501","S-079-01","2025-01-08T10:22:00","conversion","true","14341","O-0079","true"
"TP-0080-1","C080","Email Marketing","EMAIL-202502","S-080-01","2025-02-15T08:00:00","click","false","0","","true"
"TP-0081-1","C081","Organic Search","SEO-202503","S-081-01","2025-03-22T08:00:00","click","false","0","","true"
"TP-0081-2","C081","Referral","REF-202503","S-081-01","2025-03-22T09:11:00","visit","false","0","","true"
"TP-0081-3","C081","Meta Ads","META-202503","S-081-01","2025-03-22T10:22:00","visit","false","0","","true"
"TP-0081-4","C081","Email Marketing","EMAIL-202503","S-081-01","2025-03-22T11:33:00","conversion","true","15099","O-0081","true"
"TP-0082-1","C082","Direct","DIRECT-202504","S-082-01","2025-04-03T08:00:00","click","false","0","","true"
"TP-0082-2","C082","Google Ads","GADS-202504","S-082-01","2025-04-03T09:11:00","visit","false","0","","true"
"TP-0082-3","C082","YouTube Ads","YT-202504","S-082-01","2025-04-03T10:22:00","conversion","true","15478","O-0082","true"
"TP-0083-1","C083","Referral","REF-202505","S-083-01","2025-05-10T08:00:00","click","false","0","","true"
"TP-0083-2","C083","Meta Ads","META-202505","S-083-01","2025-05-10T09:11:00","visit","false","0","","true"
"TP-0083-3","C083","Email Marketing","EMAIL-202505","S-083-01","2025-05-10T10:22:00","conversion","true","15857","O-0083","true"
"TP-0084-1","C084","Google Ads","GADS-202506","S-084-01","2025-06-17T08:00:00","conversion","true","16236","O-0084","true"
"TP-0085-1","C085","Meta Ads","META-202501","S-085-01","2025-01-24T08:00:00","click","false","0","","true"
"TP-0085-2","C085","Email Marketing","EMAIL-202501","S-085-01","2025-01-24T09:11:00","visit","false","0","","true"
"TP-0085-3","C085","Direct","DIRECT-202501","S-085-01","2025-01-24T10:22:00","visit","false","0","","true"
"TP-0086-1","C086","YouTube Ads","YT-202502","S-086-01","2025-02-05T08:00:00","click","false","0","","true"
"TP-0086-2","C086","Organic Search","SEO-202502","S-086-01","2025-02-05T09:11:00","visit","false","0","","true"
"TP-0086-3","C086","Referral","REF-202502","S-086-01","2025-02-05T10:22:00","conversion","true","16994","O-0086","true"
"TP-0087-1","C087","Email Marketing","EMAIL-202503","S-087-01","2025-03-12T08:00:00","click","false","0","","true"
"TP-0087-2","C087","Direct","DIRECT-202503","S-087-01","2025-03-12T09:11:00","visit","false","0","","true"
"TP-0087-3","C087","Google Ads","GADS-202503","S-087-01","2025-03-12T10:22:00","visit","false","0","","true"
"TP-0087-4","C087","YouTube Ads","YT-202503","S-087-01","2025-03-12T11:33:00","conversion","true","17373","O-0087","true"
"TP-0088-1","C088","Organic Search","SEO-202504","S-088-01","2025-04-19T08:00:00","conversion","true","17752","O-0088","true"
"TP-0089-1","C089","Direct","DIRECT-202505","S-089-01","2025-05-26T08:00:00","click","false","0","","true"
"TP-0089-2","C089","Google Ads","GADS-202505","S-089-01","2025-05-26T09:11:00","visit","false","0","","true"
"TP-0089-3","C089","YouTube Ads","YT-202505","S-089-01","2025-05-26T10:22:00","conversion","true","1331","O-0089","true"
"TP-0090-1","C090","Referral","REF-202506","S-090-01","2025-06-07T08:00:00","click","false","0","","true"
"TP-0090-2","C090","Meta Ads","META-202506","S-090-01","2025-06-07T09:11:00","visit","false","0","","true"
"TP-0090-3","C090","Email Marketing","EMAIL-202506","S-090-01","2025-06-07T10:22:00","visit","false","0","","true"
"TP-0090-4","C090","Direct","DIRECT-202506","S-090-01","2025-06-07T11:33:00","visit","false","0","","true"
"TP-0091-1","C091","Google Ads","GADS-202501","S-091-01","2025-01-14T08:00:00","click","false","0","","true"
"TP-0091-2","C091","YouTube Ads","YT-202501","S-091-01","2025-01-14T09:11:00","visit","false","0","","true"
"TP-0091-3","C091","Organic Search","SEO-202501","S-091-01","2025-01-14T10:22:00","conversion","true","2089","O-0091","true"
"TP-0092-1","C092","Meta Ads","META-202502","S-092-01","2025-02-21T08:00:00","conversion","true","2468","O-0092","true"
"TP-0093-1","C093","YouTube Ads","YT-202503","S-093-01","2025-03-02T08:00:00","click","false","0","","true"
"TP-0093-2","C093","Organic Search","SEO-202503","S-093-01","2025-03-02T09:11:00","visit","false","0","","true"
"TP-0093-3","C093","Referral","REF-202503","S-093-01","2025-03-02T10:22:00","visit","false","0","","true"
"TP-0093-4","C093","Meta Ads","META-202503","S-093-01","2025-03-02T11:33:00","conversion","true","2847","O-0093","true"
"TP-0094-1","C094","Email Marketing","EMAIL-202504","S-094-01","2025-04-09T08:00:00","click","false","0","","true"
"TP-0094-2","C094","Direct","DIRECT-202504","S-094-01","2025-04-09T09:11:00","visit","false","0","","true"
"TP-0094-3","C094","Google Ads","GADS-202504","S-094-01","2025-04-09T10:22:00","conversion","true","3226","O-0094","true"
"TP-0095-1","C095","Organic Search","SEO-202505","S-095-01","2025-05-16T08:00:00","click","false","0","","true"
"TP-0095-2","C095","Referral","REF-202505","S-095-01","2025-05-16T09:11:00","visit","false","0","","true"
"TP-0095-3","C095","Meta Ads","META-202505","S-095-01","2025-05-16T10:22:00","visit","false","0","","true"
"TP-0096-1","C096","Direct","DIRECT-202506","S-096-01","2025-06-23T08:00:00","conversion","true","3984","O-0096","true"
"TP-0097-1","C097","Referral","REF-202501","S-097-01","2025-01-04T08:00:00","click","false","0","","true"
"TP-0097-2","C097","Meta Ads","META-202501","S-097-01","2025-01-04T09:11:00","visit","false","0","","true"
"TP-0097-3","C097","Email Marketing","EMAIL-202501","S-097-01","2025-01-04T10:22:00","conversion","true","4363","O-0097","true"
"TP-0098-1","C098","Google Ads","GADS-202502","S-098-01","2025-02-11T08:00:00","click","false","0","","true"
"TP-0098-2","C098","YouTube Ads","YT-202502","S-098-01","2025-02-11T09:11:00","visit","false","0","","true"
"TP-0098-3","C098","Organic Search","SEO-202502","S-098-01","2025-02-11T10:22:00","conversion","true","4742","O-0098","true"
"TP-0099-1","C099","Meta Ads","META-202503","S-099-01","2025-03-18T08:00:00","click","false","0","","true"
"TP-0099-2","C099","Email Marketing","EMAIL-202503","S-099-01","2025-03-18T09:11:00","visit","false","0","","true"
"TP-0099-3","C099","Direct","DIRECT-202503","S-099-01","2025-03-18T10:22:00","visit","false","0","","true"
"TP-0099-4","C099","Google Ads","GADS-202503","S-099-01","2025-03-18T11:33:00","conversion","true","5121","O-0099","true"
"TP-0100-1","C100","YouTube Ads","YT-202504","S-100-01","2025-04-25T08:00:00","click","false","0","","true"
"TP-0101-1","C101","Email Marketing","EMAIL-202505","S-101-01","2025-05-06T08:00:00","click","false","0","","true"
"TP-0101-2","C101","Direct","DIRECT-202505","S-101-01","2025-05-06T09:11:00","visit","false","0","","true"
"TP-0101-3","C101","Google Ads","GADS-202505","S-101-01","2025-05-06T10:22:00","conversion","true","5879","O-0101","true"
"TP-0102-1","C102","Organic Search","SEO-202506","S-102-01","2025-06-13T08:00:00","click","false","0","","true"
"TP-0102-2","C102","Referral","REF-202506","S-102-01","2025-06-13T09:11:00","visit","false","0","","true"
"TP-0102-3","C102","Meta Ads","META-202506","S-102-01","2025-06-13T10:22:00","visit","false","0","","true"
"TP-0102-4","C102","Email Marketing","EMAIL-202506","S-102-01","2025-06-13T11:33:00","conversion","true","6258","O-0102","true"
"TP-0103-1","C103","Direct","DIRECT-202501","S-103-01","2025-01-20T08:00:00","click","false","0","","true"
"TP-0103-2","C103","Google Ads","GADS-202501","S-103-01","2025-01-20T09:11:00","visit","false","0","","true"
"TP-0103-3","C103","YouTube Ads","YT-202501","S-103-01","2025-01-20T10:22:00","conversion","true","6637","O-0103","true"
"TP-0104-1","C104","Referral","REF-202502","S-104-01","2025-02-01T08:00:00","conversion","true","7016","O-0104","true"
"TP-0105-1","C105","Google Ads","GADS-202503","S-105-01","2025-03-08T08:00:00","click","false","0","","true"
"TP-0105-2","C105","YouTube Ads","YT-202503","S-105-01","2025-03-08T09:11:00","visit","false","0","","true"
"TP-0105-3","C105","Organic Search","SEO-202503","S-105-01","2025-03-08T10:22:00","visit","false","0","","true"
"TP-0105-4","C105","Referral","REF-202503","S-105-01","2025-03-08T11:33:00","visit","false","0","","true"
"TP-0106-1","C106","Meta Ads","META-202504","S-106-01","2025-04-15T08:00:00","click","false","0","","true"
"TP-0106-2","C106","Email Marketing","EMAIL-202504","S-106-01","2025-04-15T09:11:00","visit","false","0","","true"
"TP-0106-3","C106","Direct","DIRECT-202504","S-106-01","2025-04-15T10:22:00","conversion","true","7774","O-0106","true"
"TP-0107-1","C107","YouTube Ads","YT-202505","S-107-01","2025-05-22T08:00:00","click","false","0","","true"
"TP-0107-2","C107","Organic Search","SEO-202505","S-107-01","2025-05-22T09:11:00","visit","false","0","","true"
"TP-0107-3","C107","Referral","REF-202505","S-107-01","2025-05-22T10:22:00","conversion","true","8153","O-0107","true"
"TP-0108-1","C108","Email Marketing","EMAIL-202506","S-108-01","2025-06-03T08:00:00","conversion","true","8532","O-0108","true"
"TP-0109-1","C109","Organic Search","SEO-202501","S-109-01","2025-01-10T08:00:00","click","false","0","","true"
"TP-0109-2","C109","Referral","REF-202501","S-109-01","2025-01-10T09:11:00","visit","false","0","","true"
"TP-0109-3","C109","Meta Ads","META-202501","S-109-01","2025-01-10T10:22:00","conversion","true","8911","O-0109","true"
"TP-0110-1","C110","Direct","DIRECT-202502","S-110-01","2025-02-17T08:00:00","click","false","0","","true"
"TP-0110-2","C110","Google Ads","GADS-202502","S-110-01","2025-02-17T09:11:00","visit","false","0","","true"
"TP-0110-3","C110","YouTube Ads","YT-202502","S-110-01","2025-02-17T10:22:00","visit","false","0","","true"
"TP-0111-1","C111","Referral","REF-202503","S-111-01","2025-03-24T08:00:00","click","false","0","","true"
"TP-0111-2","C111","Meta Ads","META-202503","S-111-01","2025-03-24T09:11:00","visit","false","0","","true"
"TP-0111-3","C111","Email Marketing","EMAIL-202503","S-111-01","2025-03-24T10:22:00","visit","false","0","","true"
"TP-0111-4","C111","Direct","DIRECT-202503","S-111-01","2025-03-24T11:33:00","conversion","true","9669","O-0111","true"
"TP-0112-1","C112","Google Ads","GADS-202504","S-112-01","2025-04-05T08:00:00","conversion","true","10048","O-0112","true"
"TP-0113-1","C113","Meta Ads","META-202505","S-113-01","2025-05-12T08:00:00","click","false","0","","true"
"TP-0113-2","C113","Email Marketing","EMAIL-202505","S-113-01","2025-05-12T09:11:00","visit","false","0","","true"
"TP-0113-3","C113","Direct","DIRECT-202505","S-113-01","2025-05-12T10:22:00","conversion","true","10427","O-0113","true"
"TP-0114-1","C114","YouTube Ads","YT-202506","S-114-01","2025-06-19T08:00:00","click","false","0","","true"
"TP-0114-2","C114","Organic Search","SEO-202506","S-114-01","2025-06-19T09:11:00","visit","false","0","","true"
"TP-0114-3","C114","Referral","REF-202506","S-114-01","2025-06-19T10:22:00","visit","false","0","","true"
"TP-0114-4","C114","Meta Ads","META-202506","S-114-01","2025-06-19T11:33:00","conversion","true","10806","O-0114","true"
"TP-0115-1","C115","Email Marketing","EMAIL-202501","S-115-01","2025-01-26T08:00:00","click","false","0","","true"
"TP-0115-2","C115","Direct","DIRECT-202501","S-115-01","2025-01-26T09:11:00","visit","false","0","","true"
"TP-0115-3","C115","Google Ads","GADS-202501","S-115-01","2025-01-26T10:22:00","visit","false","0","","true"
"TP-0116-1","C116","Organic Search","SEO-202502","S-116-01","2025-02-07T08:00:00","conversion","true","11564","O-0116","true"
"TP-0117-1","C117","Direct","DIRECT-202503","S-117-01","2025-03-14T08:00:00","click","false","0","","true"
"TP-0117-2","C117","Google Ads","GADS-202503","S-117-01","2025-03-14T09:11:00","visit","false","0","","true"
"TP-0117-3","C117","YouTube Ads","YT-202503","S-117-01","2025-03-14T10:22:00","visit","false","0","","true"
"TP-0117-4","C117","Organic Search","SEO-202503","S-117-01","2025-03-14T11:33:00","conversion","true","11943","O-0117","true"
"TP-0118-1","C118","Referral","REF-202504","S-118-01","2025-04-21T08:00:00","click","false","0","","true"
"TP-0118-2","C118","Meta Ads","META-202504","S-118-01","2025-04-21T09:11:00","visit","false","0","","true"
"TP-0118-3","C118","Email Marketing","EMAIL-202504","S-118-01","2025-04-21T10:22:00","conversion","true","12322","O-0118","true"
"TP-0119-1","C119","Google Ads","GADS-202505","S-119-01","2025-05-02T08:00:00","click","false","0","","true"
"TP-0119-2","C119","YouTube Ads","YT-202505","S-119-01","2025-05-02T09:11:00","visit","false","0","","true"
"TP-0119-3","C119","Organic Search","SEO-202505","S-119-01","2025-05-02T10:22:00","conversion","true","12701","O-0119","true"
"TP-0120-1","C120","Meta Ads","META-202506","S-120-01","2025-06-09T08:00:00","click","false","0","","true"
